Time,"Temp:Edge,0","Temp:Junction,0","Temp:Mem,0","Temp:Edge,1","Temp:Junction,1","Temp:Mem,1","Temp:Edge,2","Temp:Junction,2","Temp:Mem,2","Temp:Edge,3","Temp:Junction,3","Temp:Mem,3","Temp:Loc1,0","Temp:Tctl,0","Temp:Tccd8,0","Temp:Tccd1,0","Temp:Tccd2,0","Temp:Tccd3,0","Temp:Tccd4,0","Temp:Tccd5,0","Temp:Tccd6,0","Temp:Tccd7,0","Temp:Tctl,1","Temp:Tccd8,1","Temp:Tccd1,1","Temp:Tccd2,1","Temp:Tccd3,1","Temp:Tccd4,1","Temp:Tccd5,1","Temp:Tccd6,1","Temp:Tccd7,1",Frequency:Avg,Frequency:Core 0,Frequency:Core 1,Frequency:Core 2,Frequency:Core 3,Frequency:Core 4,Frequency:Core 5,Frequency:Core 6,Frequency:Core 7,Frequency:Core 8,Frequency:Core 9,Frequency:Core 10,Frequency:Core 11,Frequency:Core 12,Frequency:Core 13,Frequency:Core 14,Frequency:Core 15,Frequency:Core 16,Frequency:Core 17,Frequency:Core 18,Frequency:Core 19,Frequency:Core 20,Frequency:Core 21,Frequency:Core 22,Frequency:Core 23,Frequency:Core 24,Frequency:Core 25,Frequency:Core 26,Frequency:Core 27,Frequency:Core 28,Frequency:Core 29,Frequency:Core 30,Frequency:Core 31,Frequency:Core 32,Frequency:Core 33,Frequency:Core 34,Frequency:Core 35,Frequency:Core 36,Frequency:Core 37,Frequency:Core 38,Frequency:Core 39,Frequency:Core 40,Frequency:Core 41,Frequency:Core 42,Frequency:Core 43,Frequency:Core 44,Frequency:Core 45,Frequency:Core 46,Frequency:Core 47,Frequency:Core 48,Frequency:Core 49,Frequency:Core 50,Frequency:Core 51,Frequency:Core 52,Frequency:Core 53,Frequency:Core 54,Frequency:Core 55,Frequency:Core 56,Frequency:Core 57,Frequency:Core 58,Frequency:Core 59,Frequency:Core 60,Frequency:Core 61,Frequency:Core 62,Frequency:Core 63,Frequency:Core 64,Frequency:Core 65,Frequency:Core 66,Frequency:Core 67,Frequency:Core 68,Frequency:Core 69,Frequency:Core 70,Frequency:Core 71,Frequency:Core 72,Frequency:Core 73,Frequency:Core 74,Frequency:Core 75,Frequency:Core 76,Frequency:Core 77,Frequency:Core 78,Frequency:Core 79,Frequency:Core 80,Frequency:Core 81,Frequency:Core 82,Frequency:Core 83,Frequency:Core 84,Frequency:Core 85,Frequency:Core 86,Frequency:Core 87,Frequency:Core 88,Frequency:Core 89,Frequency:Core 90,Frequency:Core 91,Frequency:Core 92,Frequency:Core 93,Frequency:Core 94,Frequency:Core 95,Frequency:Core 96,Frequency:Core 97,Frequency:Core 98,Frequency:Core 99,Frequency:Core 100,Frequency:Core 101,Frequency:Core 102,Frequency:Core 103,Frequency:Core 104,Frequency:Core 105,Frequency:Core 106,Frequency:Core 107,Frequency:Core 108,Frequency:Core 109,Frequency:Core 110,Frequency:Core 111,Frequency:Core 112,Frequency:Core 113,Frequency:Core 114,Frequency:Core 115,Frequency:Core 116,Frequency:Core 117,Frequency:Core 118,Frequency:Core 119,Frequency:Core 120,Frequency:Core 121,Frequency:Core 122,Frequency:Core 123,Frequency:Core 124,Frequency:Core 125,Frequency:Core 126,Frequency:Core 127,Util:Avg,Util:Core 0,Util:Core 1,Util:Core 2,Util:Core 3,Util:Core 4,Util:Core 5,Util:Core 6,Util:Core 7,Util:Core 8,Util:Core 9,Util:Core 10,Util:Core 11,Util:Core 12,Util:Core 13,Util:Core 14,Util:Core 15,Util:Core 16,Util:Core 17,Util:Core 18,Util:Core 19,Util:Core 20,Util:Core 21,Util:Core 22,Util:Core 23,Util:Core 24,Util:Core 25,Util:Core 26,Util:Core 27,Util:Core 28,Util:Core 29,Util:Core 30,Util:Core 31,Util:Core 32,Util:Core 33,Util:Core 34,Util:Core 35,Util:Core 36,Util:Core 37,Util:Core 38,Util:Core 39,Util:Core 40,Util:Core 41,Util:Core 42,Util:Core 43,Util:Core 44,Util:Core 45,Util:Core 46,Util:Core 47,Util:Core 48,Util:Core 49,Util:Core 50,Util:Core 51,Util:Core 52,Util:Core 53,Util:Core 54,Util:Core 55,Util:Core 56,Util:Core 57,Util:Core 58,Util:Core 59,Util:Core 60,Util:Core 61,Util:Core 62,Util:Core 63,Util:Core 64,Util:Core 65,Util:Core 66,Util:Core 67,Util:Core 68,Util:Core 69,Util:Core 70,Util:Core 71,Util:Core 72,Util:Core 73,Util:Core 74,Util:Core 75,Util:Core 76,Util:Core 77,Util:Core 78,Util:Core 79,Util:Core 80,Util:Core 81,Util:Core 82,Util:Core 83,Util:Core 84,Util:Core 85,Util:Core 86,Util:Core 87,Util:Core 88,Util:Core 89,Util:Core 90,Util:Core 91,Util:Core 92,Util:Core 93,Util:Core 94,Util:Core 95,Util:Core 96,Util:Core 97,Util:Core 98,Util:Core 99,Util:Core 100,Util:Core 101,Util:Core 102,Util:Core 103,Util:Core 104,Util:Core 105,Util:Core 106,Util:Core 107,Util:Core 108,Util:Core 109,Util:Core 110,Util:Core 111,Util:Core 112,Util:Core 113,Util:Core 114,Util:Core 115,Util:Core 116,Util:Core 117,Util:Core 118,Util:Core 119,Util:Core 120,Util:Core 121,Util:Core 122,Util:Core 123,Util:Core 124,Util:Core 125,Util:Core 126,Util:Core 127,"Power:package-0,0","Power:core,0","Power:package-1,0","Power:core,1"
2024-12-28_21:01:12,37.0,39.0,51.0,42.0,42.0,50.0,40.0,42.0,52.0,41.0,46.0,52.0,43.0,46.2,41.8,42.2,40.5,44.0,42.5,42.0,47.5,42.2,47.8,41.5,40.8,41.5,44.5,40.8,43.0,43.0,43.2,1.5,1.5,1.5,1.8,1.5,1.5,1.5,1.5,1.3,1.5,1.5,1.5,1.5,1.5,1.5,1.5,1.5,1.5,1.5,1.8,1.5,1.5,1.5,1.9,1.5,1.5,1.5,1.5,1.5,1.5,1.5,1.5,1.5,1.5,1.5,1.5,1.5,1.5,1.5,1.5,1.5,1.5,3.4,3.0,1.5,1.5,1.5,1.5,1.5,1.5,1.5,1.5,1.5,1.5,1.5,1.5,1.4,1.5,1.5,1.5,1.5,1.5,1.5,1.5,1.5,1.5,1.5,1.5,1.5,1.5,1.5,1.5,1.5,1.5,1.5,1.5,1.5,1.5,1.5,1.5,1.5,1.5,1.5,1.5,1.5,1.5,1.5,1.5,1.5,1.5,1.5,1.5,1.5,1.5,1.5,1.5,1.5,1.5,1.5,1.5,1.5,1.5,1.5,1.5,1.5,1.5,1.5,1.5,1.5,1.5,1.5,1.5,1.5,1.5,1.5,1.5,1.5,1.5,1.5,1.5,1.5,1.8,1.6,1.7,1.6,1.5,1.6,1.6,1.6,2.2,0.0,0.0,5.9,5.9,0.0,0.0,0.0,0.0,0.0,0.0,0.0,0.0,5.9,0.0,0.0,0.0,0.0,5.9,0.0,0.0,0.0,0.0,0.0,0.0,0.0,0.0,0.0,0.0,0.0,5.9,0.0,5.9,0.0,0.0,0.0,0.0,0.0,0.0,0.0,0.0,0.0,100.0,5.9,0.0,0.0,0.0,0.0,0.0,0.0,15.8,0.0,11.8,0.0,0.0,0.0,6.7,0.0,0.0,5.9,5.9,0.0,0.0,0.0,0.0,0.0,0.0,0.0,0.0,0.0,0.0,0.0,0.0,0.0,0.0,0.0,0.0,0.0,0.0,0.0,0.0,5.9,0.0,0.0,0.0,0.0,0.0,0.0,0.0,0.0,0.0,0.0,0.0,0.0,0.0,0.0,0.0,0.0,0.0,0.0,0.0,0.0,0.0,0.0,0.0,0.0,0.0,0.0,0.0,0.0,0.0,0.0,0.0,5.9,0.0,0.0,5.9,0.0,0.0,0.0,0.0,17.6,0.0,0.0,6.2,22.2,6.7,16.7,6.3,124.0,0.0,108.9,0.0
2024-12-28_21:01:14,37.0,39.0,51.0,41.0,41.0,50.0,40.0,42.0,52.0,41.0,46.0,52.0,43.0,46.2,45.0,45.2,43.2,45.8,45.2,44.2,43.5,45.2,47.8,42.2,42.2,41.8,44.8,44.5,46.0,45.8,46.0,2.2,2.5,2.8,2.5,3.1,2.5,3.1,2.5,2.5,3.1,3.1,3.1,2.5,2.5,3.1,2.5,2.5,2.5,2.5,1.5,1.5,3.1,3.1,1.5,2.5,2.0,1.9,2.1,1.5,2.5,2.3,3.1,1.9,1.5,1.5,1.5,1.5,1.5,2.5,3.1,1.5,1.5,3.1,3.1,1.5,3.1,1.5,3.1,1.5,3.1,2.5,2.5,2.5,2.5,3.1,2.5,2.5,1.5,2.5,2.5,1.5,3.1,1.5,1.5,1.5,1.5,1.5,1.5,1.5,1.5,1.5,1.5,2.5,1.6,1.5,1.5,1.5,1.5,1.9,1.5,1.5,2.5,3.1,2.5,1.5,1.5,1.5,1.5,1.5,3.1,3.1,2.5,2.5,1.5,1.5,3.1,1.5,1.5,1.5,2.5,3.1,1.5,1.5,1.5,1.5,3.1,2.5,1.5,1.5,1.5,1.5,1.5,1.5,3.1,2.5,2.5,2.5,3.1,2.5,2.5,2.5,1.9,2.5,1.9,1.9,1.9,1.9,1.9,2.5,8.0,19.6,15.3,8.7,14.1,4.4,7.4,11.8,8.7,2.0,5.4,9.7,8.7,4.9,2.9,8.8,11.2,12.6,14.1,1.9,6.3,6.3,1.5,5.8,8.7,9.2,2.4,11.2,5.4,11.1,5.4,17.6,3.4,4.9,1.0,0.0,0.0,5.8,21.4,10.7,5.3,5.3,20.0,8.3,0.0,6.3,0.0,14.1,5.3,9.9,14.9,11.9,15.0,13.7,12.3,10.2,13.2,5.3,27.1,6.8,0.0,9.3,0.0,5.3,0.0,21.8,6.8,7.3,0.0,0.0,0.0,5.4,10.7,12.1,0.0,0.0,0.0,5.9,12.6,5.8,4.9,6.9,7.3,5.9,0.0,5.3,5.3,5.9,0.0,21.0,5.3,0.0,10.7,0.0,0.0,11.1,5.3,5.4,12.6,10.3,10.7,0.0,0.0,0.0,5.3,11.7,18.0,0.0,5.3,0.0,5.3,0.0,5.3,12.1,10.2,14.4,13.1,16.3,3.9,5.3,5.8,18.0,19.6,15.6,15.5,23.4,15.8,15.1,21.8,131.7,0.2,122.8,0.6
2024-12-28_21:01:16,37.0,38.0,51.0,41.0,41.0,50.0,40.0,41.0,52.0,41.0,46.0,52.0,43.0,46.2,43.0,42.5,40.5,44.2,43.5,41.8,42.0,43.2,47.8,41.5,42.5,41.8,44.5,41.5,43.2,42.2,43.8,1.6,1.5,1.5,1.5,1.5,1.5,1.5,1.5,1.5,1.5,1.5,1.5,1.5,1.5,1.5,1.5,1.4,1.5,1.5,1.5,1.5,1.5,1.5,1.5,1.5,1.5,1.8,1.5,1.5,1.5,1.5,1.5,1.5,1.5,1.5,1.5,1.5,1.5,1.5,1.5,1.5,1.5,1.5,3.3,1.5,1.5,1.5,2.7,2.7,1.5,1.5,1.9,1.5,1.5,1.5,1.5,1.5,1.5,1.5,1.5,1.5,1.5,1.5,1.5,1.5,1.5,1.5,1.5,1.5,1.5,1.5,1.5,1.5,1.5,1.8,1.5,1.5,1.5,1.5,2.0,1.5,1.8,1.5,1.5,1.5,1.5,1.5,1.5,1.5,1.5,1.5,2.5,1.5,1.5,1.5,1.5,1.5,1.5,1.8,1.5,1.5,1.5,1.5,1.5,1.5,1.5,1.5,1.5,1.5,1.9,1.5,1.5,1.5,1.5,1.9,1.6,1.6,1.9,1.6,1.5,1.8,1.5,1.8,1.5,1.5,1.5,1.8,1.5,1.5,3.5,11.4,2.5,2.5,2.9,10.2,8.9,4.0,7.9,5.4,5.0,7.4,6.9,4.4,5.0,6.4,7.3,5.4,3.0,2.0,2.0,0.5,4.5,4.0,0.0,5.4,4.5,2.5,3.0,2.5,1.0,0.0,3.4,3.4,0.0,0.0,1.0,0.0,1.0,2.9,4.4,0.5,0.0,2.9,0.0,0.0,6.3,7.8,3.5,2.5,2.5,3.4,4.9,1.5,4.9,7.9,5.5,0.0,2.5,6.9,7.4,6.3,3.5,0.0,0.0,3.4,4.9,6.9,1.5,0.0,0.0,1.5,0.0,5.5,6.9,1.0,2.5,1.5,1.0,4.9,2.5,3.0,2.5,2.0,5.0,0.0,0.0,0.0,0.0,0.0,0.0,0.0,1.0,4.4,2.0,0.0,0.0,1.5,6.4,3.4,3.9,0.0,0.0,0.5,1.5,1.0,2.0,1.0,3.4,0.0,0.0,0.0,0.5,7.9,5.5,9.8,6.0,10.0,4.9,8.9,6.6,5.4,7.5,5.9,7.4,12.3,8.5,6.5,5.9,123.8,0.1,114.9,0.1
2024-12-28_21:01:18,37.0,38.0,51.0,41.0,41.0,50.0,39.0,42.0,52.0,41.0,45.0,52.0,43.0,46.2,42.2,41.5,41.0,44.2,43.2,41.5,41.5,42.2,47.5,41.8,42.0,42.8,44.0,41.8,42.0,43.0,43.8,1.6,1.5,1.5,1.5,1.5,1.5,1.5,1.5,1.5,1.5,1.5,1.5,1.6,1.5,1.5,1.6,1.5,1.5,1.5,1.5,1.5,1.9,1.5,1.5,1.5,1.5,1.5,1.5,1.5,1.5,1.5,1.5,1.5,1.5,1.5,1.5,1.5,1.5,1.5,1.5,1.5,1.5,1.5,3.4,1.6,1.5,1.5,2.4,2.0,1.5,1.5,1.9,1.5,1.5,1.5,1.5,1.5,1.5,1.5,1.5,1.5,1.5,1.5,1.5,1.5,1.5,1.5,1.5,1.5,1.5,1.5,1.5,1.5,1.5,1.5,1.5,1.5,1.5,1.5,1.5,1.5,1.5,1.5,1.5,1.5,1.5,1.5,1.5,1.5,1.5,1.5,2.5,1.5,1.5,1.5,1.5,1.5,1.5,1.5,1.5,1.5,1.5,1.5,1.5,1.5,1.5,1.5,1.5,1.5,1.5,1.5,1.5,1.5,1.9,1.4,1.6,1.5,1.7,1.9,1.6,1.6,1.6,1.5,1.5,1.6,1.9,1.6,1.6,1.6,2.7,21.5,10.5,6.3,3.4,4.4,1.0,7.4,3.4,6.8,1.0,6.9,6.9,5.4,1.5,5.5,3.4,4.9,2.0,3.0,5.4,8.9,4.4,7.3,1.5,0.5,0.5,0.0,0.0,0.5,0.0,0.0,0.0,0.0,0.0,0.0,4.4,1.0,0.5,0.0,0.0,3.4,2.9,3.4,1.0,2.9,4.4,4.9,4.5,0.0,0.0,0.0,0.0,0.0,0.0,0.0,4.0,0.0,0.0,2.4,0.5,5.0,1.0,0.0,0.0,0.0,0.0,0.0,0.0,0.0,0.0,0.0,0.0,0.5,4.4,0.0,0.0,0.0,0.0,0.0,0.0,5.4,2.0,0.0,3.4,1.0,0.0,0.0,0.0,0.0,0.0,0.0,0.0,0.5,0.0,0.0,0.0,0.0,5.8,5.4,0.0,0.0,0.0,0.0,0.0,0.0,0.0,0.0,0.0,0.0,0.0,0.0,5.4,11.3,13.4,15.6,10.1,12.7,8.4,8.0,7.0,3.0,2.5,1.5,5.0,12.5,6.4,3.4,1.0,120.5,0.1,112.3,0.0
2024-12-28_21:01:20,37.0,39.0,51.0,42.0,42.0,50.0,40.0,42.0,52.0,41.0,46.0,52.0,43.0,46.0,42.5,42.2,40.5,44.0,43.2,41.5,43.2,42.0,47.2,41.2,42.0,42.5,42.8,42.2,43.0,42.5,43.2,1.5,1.5,1.5,1.5,1.5,1.5,1.5,1.5,1.5,1.5,1.5,1.5,1.5,1.4,1.5,1.5,1.5,1.5,1.5,1.5,1.5,1.5,1.5,1.5,1.5,1.5,1.5,1.5,1.5,1.5,1.5,1.5,1.5,1.5,1.5,1.5,1.5,1.5,1.5,1.5,1.5,2.9,1.5,3.4,1.5,1.5,2.4,1.5,2.9,1.5,1.5,1.5,1.5,1.5,1.5,1.5,1.5,1.5,1.5,1.5,1.5,1.5,1.5,1.5,1.5,1.5,1.5,1.5,1.5,1.5,1.5,1.5,1.5,1.5,1.5,1.5,1.5,1.5,1.5,1.5,1.5,1.5,1.5,1.5,1.5,1.5,1.5,1.5,1.5,1.5,1.5,2.5,1.5,1.5,1.5,1.5,1.5,1.5,1.5,1.5,1.5,1.5,1.5,1.5,1.5,1.5,1.5,1.5,1.5,1.5,1.5,1.5,1.5,1.6,1.6,1.6,1.5,1.6,1.6,1.6,1.9,1.5,1.5,1.5,1.5,1.5,1.5,1.5,1.5,2.1,3.9,2.0,2.0,4.0,5.9,6.3,4.4,0.0,5.4,2.0,4.4,7.3,6.4,2.5,5.9,3.0,3.0,0.5,4.9,3.4,7.3,5.4,3.4,2.4,0.0,0.0,0.0,0.0,0.0,0.0,0.0,0.5,0.0,0.0,0.0,5.8,2.5,0.0,0.0,0.0,1.5,0.5,2.9,0.5,0.0,3.4,6.9,4.0,0.0,0.0,0.0,0.0,0.0,0.0,0.0,3.4,0.0,0.0,0.0,0.0,3.9,0.0,0.0,0.0,0.0,0.0,0.0,0.0,0.0,0.0,0.0,0.0,2.5,0.0,3.0,0.0,0.0,0.0,0.0,0.0,0.0,3.0,0.0,3.5,3.5,0.0,0.0,0.0,3.9,0.0,0.0,0.0,0.0,0.0,0.0,0.0,0.0,0.0,3.5,3.9,0.0,0.0,0.0,0.0,2.0,0.0,0.0,2.0,0.0,0.0,0.0,2.5,6.5,13.0,6.9,9.0,13.5,12.7,8.3,9.0,3.4,1.5,0.0,1.5,6.0,3.0,4.9,5.5,120.2,0.0,111.3,0.0
2024-12-28_21:01:22,37.0,39.0,51.0,41.0,41.0,50.0,40.0,41.0,52.0,41.0,46.0,53.0,43.0,46.0,41.8,42.0,40.2,44.0,42.5,41.8,40.2,42.0,47.2,41.2,41.8,40.8,43.8,41.8,43.2,41.8,43.2,1.6,1.5,1.5,1.5,1.5,1.5,1.5,1.5,1.5,1.6,1.6,1.9,1.6,1.6,1.5,1.5,1.5,1.5,1.5,1.5,1.5,1.5,1.5,1.5,1.5,1.5,1.5,1.5,1.5,1.5,1.5,1.5,1.5,1.5,1.5,1.5,1.5,1.5,1.5,1.5,1.8,3.0,2.9,3.3,1.5,1.5,2.4,3.0,3.0,1.5,1.5,1.5,1.5,1.5,1.5,1.5,1.5,1.5,1.5,1.5,1.5,1.8,1.5,1.5,1.5,1.5,1.5,1.5,1.5,1.5,1.5,1.5,1.5,1.5,1.6,1.5,1.5,1.5,1.5,1.5,1.5,1.5,1.5,1.5,1.5,1.5,1.5,1.5,1.5,1.5,1.5,2.5,1.5,1.5,1.5,1.5,1.5,1.5,1.5,1.5,1.5,1.5,1.5,1.5,1.5,1.5,1.5,1.5,1.5,1.5,1.5,1.5,1.5,1.5,1.7,1.5,1.5,1.5,1.6,1.8,1.5,1.8,1.8,1.5,1.5,1.6,1.5,1.5,1.5,1.8,1.5,1.0,0.5,3.0,6.3,3.9,2.0,3.4,3.0,4.9,2.5,2.0,3.5,3.4,1.5,0.0,3.0,4.9,1.5,4.4,2.0,3.4,2.5,6.0,2.0,0.0,0.5,0.0,0.0,0.5,0.0,0.0,0.0,0.0,0.0,0.0,2.0,1.0,3.5,3.5,6.9,4.5,8.0,0.0,0.0,4.5,2.5,6.9,0.0,0.0,0.0,0.0,0.0,0.0,0.0,0.0,0.0,2.5,0.0,0.0,3.4,0.0,0.0,0.0,0.0,0.0,0.5,0.0,0.0,0.0,0.0,0.0,3.4,2.5,1.0,0.0,0.0,0.0,0.0,0.0,0.0,0.0,0.0,1.5,0.5,0.0,0.0,0.0,1.0,0.0,0.0,0.0,0.0,0.0,0.0,0.5,0.0,0.0,1.5,3.9,0.0,0.0,0.5,0.0,1.0,0.0,0.0,0.0,0.0,0.0,0.0,0.0,6.4,7.5,9.9,11.2,6.9,6.4,7.4,7.0,5.0,5.4,3.9,0.0,9.8,2.0,3.4,1.5,119.0,0.0,109.8,0.0
2024-12-28_21:01:24,37.0,39.0,51.0,41.0,41.0,50.0,40.0,42.0,52.0,41.0,46.0,52.0,43.0,45.8,42.5,42.0,40.8,43.5,42.0,41.8,40.8,42.0,47.0,41.2,40.5,42.2,42.5,40.0,43.0,42.2,43.0,1.6,1.5,1.5,1.5,1.5,1.5,1.5,1.4,1.5,1.5,1.5,1.5,1.5,1.5,1.4,1.5,1.5,1.8,1.5,1.5,1.7,1.5,1.5,1.5,1.5,1.6,1.5,1.5,1.5,1.5,1.5,1.5,1.5,1.5,1.6,1.5,1.5,1.5,1.5,1.6,1.9,2.8,2.6,3.4,1.5,1.5,2.6,2.8,2.6,1.5,1.5,1.5,1.5,1.5,1.5,1.5,1.5,1.5,1.5,1.5,1.5,1.5,1.8,1.5,1.5,1.5,1.5,1.5,1.5,1.5,1.5,1.5,1.5,1.8,1.5,1.8,1.5,1.5,1.5,1.5,1.5,1.5,1.5,1.5,1.5,1.5,1.5,1.5,1.5,1.5,1.5,2.5,1.5,1.5,1.5,1.5,1.5,1.5,1.5,1.5,1.5,1.5,1.5,1.5,1.5,1.5,1.5,1.5,1.5,1.5,1.5,1.5,1.5,1.4,1.9,1.8,1.5,1.5,1.5,1.5,1.5,1.6,2.1,2.4,1.5,1.6,1.6,1.9,1.6,1.7,0.5,0.0,2.5,2.0,1.0,2.0,2.0,0.5,3.0,1.5,4.9,5.4,1.0,1.5,0.0,1.0,7.4,5.4,3.0,5.9,0.0,2.9,0.5,2.0,4.9,0.0,0.0,0.0,0.0,1.0,0.0,0.0,0.0,2.9,0.0,0.0,0.0,0.0,3.4,1.5,1.5,10.2,6.9,0.0,0.0,2.0,4.9,7.8,1.0,0.0,0.0,0.0,0.0,0.0,0.0,0.0,0.0,2.9,0.0,0.0,3.0,2.0,1.0,0.0,0.0,0.0,0.0,0.0,0.0,0.0,0.0,0.0,0.5,2.0,5.0,0.0,0.0,0.0,0.0,0.0,0.0,0.0,0.0,0.0,0.0,0.0,0.0,0.0,0.0,0.0,0.0,0.0,0.0,0.0,0.0,0.0,0.0,0.0,0.0,0.0,0.0,0.0,0.0,0.0,0.0,0.0,0.0,0.0,0.0,0.0,0.0,0.0,7.8,7.8,9.2,8.3,6.4,5.4,7.4,8.8,5.4,1.5,4.0,0.0,5.0,8.2,6.4,5.4,118.1,0.0,108.9,0.0
2024-12-28_21:01:26,37.0,39.0,51.0,41.0,41.0,50.0,40.0,41.0,52.0,41.0,45.0,52.0,43.0,45.5,42.0,41.8,40.0,44.5,42.8,41.5,43.2,42.2,47.0,41.2,41.2,40.5,42.8,41.2,42.5,42.0,43.2,1.6,1.5,1.5,1.5,1.5,1.5,1.5,1.5,1.5,1.5,1.5,1.8,1.5,1.5,1.5,1.5,1.5,1.6,1.5,1.5,1.6,1.9,1.6,1.5,1.5,1.6,1.9,1.5,1.5,1.5,1.5,1.5,1.5,1.5,1.5,1.5,1.5,1.5,1.5,1.5,1.5,2.5,1.8,3.4,3.0,2.9,1.5,3.0,2.5,1.5,1.5,1.5,1.5,1.5,1.5,1.5,1.5,1.5,1.5,1.5,1.5,1.5,1.5,1.5,1.5,1.5,1.5,1.5,1.5,1.5,1.5,1.5,1.5,1.5,1.5,1.5,1.5,1.5,1.5,1.5,1.5,1.5,1.5,1.5,1.5,1.5,1.5,1.5,1.5,1.5,1.5,2.5,1.5,1.5,1.5,1.5,1.5,1.5,1.5,1.5,1.5,1.5,1.5,1.5,1.5,1.5,1.5,1.5,1.5,1.5,1.5,1.5,1.5,1.5,1.8,1.5,1.8,1.7,1.5,1.5,1.8,1.6,1.6,1.6,1.6,1.9,1.6,1.6,1.6,2.2,14.4,0.0,0.0,3.0,5.4,2.5,4.0,3.4,3.0,3.4,2.0,4.9,3.9,3.9,0.0,0.0,7.9,4.9,6.3,6.4,5.4,2.0,1.9,4.9,8.8,5.4,0.0,0.0,0.0,2.5,0.0,0.0,0.0,3.9,0.0,0.0,0.0,0.0,0.0,0.0,6.0,6.5,7.4,1.5,2.5,4.5,5.9,4.4,0.0,0.0,0.0,0.0,0.0,0.0,0.0,0.0,0.0,0.0,0.0,0.0,4.4,2.5,3.9,0.0,0.0,0.0,0.0,0.0,0.0,0.0,0.0,0.0,1.0,0.0,5.4,2.5,0.0,0.0,0.0,0.0,0.0,0.0,0.0,0.0,0.0,0.0,0.0,0.0,0.0,0.0,0.0,0.0,0.0,0.0,0.0,0.0,0.0,0.0,0.0,0.0,0.0,0.0,0.0,0.0,0.0,0.0,0.0,0.0,0.0,0.0,0.0,0.0,6.4,5.4,5.9,7.4,8.3,6.0,6.9,8.3,12.2,4.5,3.9,2.4,10.2,6.9,9.3,7.4,119.8,0.0,110.2,0.0
2024-12-28_21:01:28,37.0,39.0,51.0,41.0,41.0,50.0,40.0,41.0,52.0,41.0,45.0,52.0,43.0,45.5,41.2,41.2,40.0,43.8,42.2,41.2,42.8,42.2,46.5,41.2,40.0,40.5,42.2,41.2,41.8,42.2,42.2,1.6,1.5,1.5,1.5,1.9,1.5,1.5,1.5,1.5,1.5,1.5,1.5,1.5,1.5,1.8,1.5,1.5,1.5,1.5,1.5,1.4,1.5,1.5,1.5,1.9,1.8,1.8,1.5,1.6,1.5,1.5,1.5,1.5,1.5,1.5,1.5,1.5,1.5,1.5,1.5,1.5,2.5,3.4,3.0,2.7,2.7,3.0,2.9,2.5,1.5,1.5,1.5,1.5,1.5,1.5,1.5,1.5,1.5,1.5,1.5,1.5,1.5,1.5,1.5,1.5,1.5,1.5,1.5,1.5,1.5,1.5,1.5,1.5,1.5,1.5,1.7,1.5,1.5,1.5,1.5,1.5,1.5,1.5,1.5,1.5,1.5,1.5,1.5,1.5,1.5,1.5,2.5,1.5,1.5,1.5,1.5,1.5,1.5,1.5,1.5,1.5,1.5,1.5,1.5,1.5,1.5,1.5,1.5,1.5,1.5,1.5,1.5,1.5,1.6,1.9,1.4,1.5,1.6,1.6,1.6,1.6,1.5,1.5,1.5,1.5,1.5,1.5,1.5,1.5,1.3,1.5,0.0,0.0,1.0,0.0,2.0,0.0,0.5,0.5,3.4,4.0,2.9,3.4,0.5,0.0,0.0,6.9,2.9,1.5,1.5,1.0,1.0,1.5,4.9,4.9,3.0,5.9,2.0,0.0,0.0,1.0,0.0,0.0,2.0,0.0,0.0,0.0,0.0,0.0,0.0,2.0,5.5,3.0,0.5,5.0,5.9,1.5,1.5,0.0,0.0,0.0,0.0,0.0,0.0,0.0,0.0,0.0,0.0,0.0,0.0,2.9,1.0,1.5,1.0,0.0,0.0,0.0,0.0,0.0,0.0,0.0,0.0,0.0,0.0,1.5,0.5,0.0,0.0,0.0,0.0,0.0,0.0,0.0,0.0,0.0,0.0,0.0,0.0,0.0,0.0,0.0,0.0,0.0,0.0,0.0,0.0,0.0,0.0,0.0,0.0,0.0,0.0,0.0,0.0,0.0,0.0,0.0,0.0,0.0,0.0,0.0,0.0,4.0,4.5,2.5,5.0,4.4,4.5,2.9,0.5,5.0,3.4,6.4,1.5,5.9,4.9,5.4,5.4,117.7,0.0,108.3,0.0
2024-12-28_21:01:30,37.0,38.0,51.0,41.0,41.0,50.0,40.0,41.0,52.0,41.0,46.0,53.0,43.0,47.5,50.5,49.0,48.8,52.5,51.8,50.2,49.5,49.5,48.4,48.8,48.0,49.5,51.2,49.0,50.8,48.2,50.5,2.4,3.1,3.1,2.5,3.1,2.9,2.5,1.5,3.1,1.5,2.5,3.1,3.1,1.5,3.1,2.5,3.1,1.5,2.5,1.5,3.1,3.1,3.1,3.1,1.5,1.5,1.5,3.1,3.1,3.1,1.5,3.1,1.5,3.1,3.1,3.1,1.5,3.1,1.5,1.5,1.5,3.1,3.1,3.1,3.1,3.1,2.5,1.5,3.1,3.1,1.5,1.5,3.1,1.5,1.5,3.1,3.1,3.1,3.1,1.5,3.1,1.5,3.1,1.5,3.1,3.1,3.1,3.1,1.5,1.5,1.5,1.5,3.1,3.1,3.1,1.5,3.1,1.5,1.5,1.5,1.5,1.5,3.1,3.1,3.1,1.5,3.1,1.5,1.5,2.5,1.5,1.5,3.1,3.1,3.1,3.1,1.9,3.1,3.1,1.5,3.1,1.5,3.1,1.5,1.5,3.1,1.5,1.5,3.1,1.5,1.5,3.1,1.5,1.5,3.1,1.5,3.1,1.5,2.5,3.1,3.1,2.5,3.1,1.5,3.1,3.1,1.5,3.1,1.5,34.4,50.2,30.5,45.0,57.1,15.8,10.8,2.5,17.2,15.8,7.4,44.1,79.4,7.8,65.4,58.1,56.9,20.5,25.6,4.0,68.6,60.3,61.3,63.1,30.9,24.6,65.2,72.5,65.7,61.6,3.0,60.1,8.4,63.5,49.0,58.1,2.5,62.1,4.4,2.9,2.0,52.7,43.9,62.4,14.8,79.4,10.2,7.4,75.2,49.8,3.0,3.0,59.1,4.5,3.4,58.8,60.6,61.6,59.2,3.0,59.8,7.0,61.4,2.5,59.3,77.5,51.0,24.6,2.5,2.5,2.0,1.5,59.1,50.2,60.0,8.4,61.1,3.9,3.4,4.9,3.0,3.0,61.8,62.4,58.8,6.8,62.3,1.5,3.4,4.5,15.2,35.0,59.3,57.6,42.3,65.9,4.4,49.5,30.9,3.5,63.2,3.4,60.3,4.4,1.0,62.7,3.4,4.4,59.8,5.8,4.9,58.5,7.8,15.8,63.7,7.4,63.9,10.2,6.9,63.4,62.4,21.8,71.4,6.4,67.8,64.5,6.9,76.2,6.4,201.8,1.6,180.7,2.9
2024-12-28_21:01:32,37.0,39.0,51.0,42.0,42.0,50.0,40.0,42.0,52.0,42.0,46.0,53.0,43.0,50.8,53.5,51.2,50.5,53.5,52.2,51.2,50.0,51.5,51.5,50.0,50.0,50.0,53.2,50.2,53.0,51.0,51.2,2.3,3.1,3.1,1.5,3.1,1.5,1.5,3.1,3.1,1.5,1.5,3.1,3.1,1.5,3.1,2.5,3.1,1.5,2.5,1.5,3.1,3.1,3.1,3.1,1.5,1.5,1.5,3.1,3.1,3.1,1.5,3.1,1.5,3.1,3.1,3.1,1.5,3.1,1.5,1.5,1.5,1.5,3.1,3.1,3.1,3.1,1.5,1.5,3.1,3.1,1.5,1.5,3.1,1.5,1.5,3.1,3.1,3.1,3.1,1.5,3.1,1.5,3.1,1.5,3.1,2.9,3.1,1.5,3.1,1.5,1.5,1.5,3.1,3.1,3.1,1.5,3.1,1.5,1.5,1.5,1.5,1.5,3.1,3.1,3.1,1.5,3.1,1.5,1.5,1.5,2.5,1.5,3.1,3.1,3.1,3.1,1.5,3.1,3.1,1.5,3.1,1.5,3.1,1.5,1.5,3.1,3.1,1.5,3.1,1.5,1.5,3.1,1.5,1.5,3.1,1.5,3.1,1.5,1.5,3.1,3.1,1.5,3.1,1.5,3.1,3.1,1.5,3.1,1.5,50.3,41.2,27.9,19.9,93.1,7.4,2.0,98.0,100.0,0.0,0.0,100.0,100.0,0.0,99.5,0.0,100.0,0.5,0.0,0.0,99.5,100.0,99.5,100.0,0.0,0.0,0.0,100.0,100.0,100.0,0.5,99.5,0.0,100.0,100.0,99.5,0.5,100.0,0.5,0.5,1.0,67.0,100.0,100.0,4.4,100.0,0.5,1.0,99.0,100.0,0.0,0.5,100.0,1.0,0.0,100.0,100.0,100.0,100.0,1.0,100.0,0.0,100.0,1.0,100.0,41.2,100.0,80.4,74.0,0.5,0.0,0.5,100.0,100.0,100.0,0.5,100.0,0.0,0.0,0.0,0.5,0.5,100.0,100.0,100.0,1.0,100.0,0.5,0.0,0.5,0.0,0.0,100.0,100.0,100.0,100.0,1.0,100.0,100.0,1.0,100.0,1.0,100.0,0.0,0.5,100.0,60.1,0.0,100.0,0.5,0.0,100.0,1.0,0.5,100.0,0.0,100.0,0.5,1.0,100.0,100.0,0.0,100.0,0.0,100.0,100.0,0.5,100.0,0.0,243.0,1.3,223.5,1.6
2024-12-28_21:01:34,37.0,39.0,51.0,41.0,41.0,50.0,40.0,42.0,52.0,41.0,45.0,52.0,43.0,51.0,50.8,49.5,47.8,51.2,49.5,49.0,48.2,51.0,50.9,48.0,49.8,47.5,52.5,46.5,43.8,50.5,50.0,2.1,3.1,3.1,3.1,1.5,1.5,1.5,2.5,2.5,3.1,3.1,1.5,1.5,1.5,1.5,1.5,1.5,3.1,1.5,1.5,1.5,1.5,1.5,1.5,1.5,3.1,1.5,1.5,2.5,1.5,1.5,1.5,1.5,3.1,2.5,2.5,1.5,1.5,1.5,1.5,1.5,3.1,1.5,1.5,3.1,1.5,2.5,1.5,2.5,3.1,3.1,2.7,2.5,2.5,2.5,1.5,1.5,2.5,3.1,2.5,2.5,1.5,3.1,1.9,2.5,3.1,1.5,3.1,2.5,2.5,2.5,2.5,1.5,3.1,3.1,1.5,1.5,1.5,1.5,1.5,2.5,2.5,3.1,2.5,3.1,1.5,2.5,1.5,1.5,3.1,2.5,1.5,1.5,1.5,1.5,1.5,1.5,1.5,1.8,1.5,1.6,3.0,3.0,1.5,1.5,2.5,3.1,2.5,3.1,2.5,3.1,2.5,1.5,3.1,2.5,3.1,1.5,2.8,1.5,1.5,1.5,1.5,2.5,1.5,1.5,2.5,1.5,1.5,3.1,31.2,58.9,83.3,50.2,48.3,30.4,13.5,63.9,27.1,42.6,7.8,45.6,27.5,6.9,39.4,0.0,54.1,50.5,0.5,0.0,31.5,44.8,51.7,50.2,0.0,53.4,10.8,29.6,40.9,49.5,0.5,48.0,0.0,92.1,34.1,51.2,1.5,36.5,0.0,7.4,0.0,49.8,34.3,55.2,2.9,33.8,1.0,0.0,0.0,87.2,42.2,2.5,49.5,1.5,1.5,39.9,47.3,53.9,80.9,0.0,51.2,2.5,55.2,3.4,51.0,27.6,43.6,73.4,70.1,1.0,0.5,2.0,51.5,66.2,52.7,17.7,37.6,13.7,0.0,0.0,1.5,23.0,59.4,42.2,69.8,13.3,57.1,0.5,0.0,28.6,7.4,0.0,52.5,52.0,57.1,43.1,1.5,49.8,45.3,2.0,49.3,2.9,52.7,0.5,0.5,58.9,33.5,40.2,48.8,8.4,66.5,55.2,4.4,25.0,52.5,1.0,47.8,2.0,1.5,49.8,47.1,1.0,39.2,19.6,64.5,53.2,0.0,23.5,40.7,187.3,1.7,174.5,0.8
2024-12-28_21:01:36,37.0,38.0,51.0,41.0,41.0,50.0,39.0,41.0,52.0,41.0,46.0,52.0,43.0,52.5,52.2,53.0,49.5,53.8,51.0,50.5,48.5,51.8,52.4,48.5,51.5,51.2,52.5,50.5,51.5,51.8,52.0,2.4,1.5,3.1,3.1,2.9,3.1,1.9,3.1,1.5,2.5,3.1,3.1,3.1,2.5,2.5,1.5,1.5,3.1,3.1,3.1,1.5,1.5,2.5,3.1,1.5,2.5,3.1,3.1,2.5,3.1,3.1,1.5,1.5,3.1,3.1,3.1,3.1,1.5,2.5,1.5,1.5,3.1,3.1,1.9,1.5,3.1,1.5,1.5,2.5,1.5,3.1,3.1,3.1,2.5,1.5,1.5,1.9,3.1,3.1,2.5,2.5,1.5,3.1,1.5,3.1,3.1,2.5,2.5,2.5,3.1,3.1,3.1,1.5,3.1,3.1,1.9,1.5,3.1,1.5,2.5,1.5,2.5,2.5,2.5,3.1,3.1,2.9,3.1,1.9,3.1,3.1,3.1,1.5,1.9,1.9,1.5,3.1,3.1,3.1,3.1,1.9,3.1,3.1,1.5,1.5,2.9,1.5,3.1,3.1,1.5,3.1,3.1,3.1,3.1,3.1,3.1,3.1,1.5,1.5,1.5,1.5,3.1,3.1,1.5,1.5,1.5,1.5,1.5,3.1,33.4,19.9,84.4,99.5,16.3,29.7,7.3,22.8,2.5,91.7,100.0,88.2,9.4,0.5,3.9,4.4,0.0,100.0,91.2,58.5,0.0,0.5,1.5,33.5,0.0,70.0,82.3,54.9,15.7,15.4,48.0,0.5,0.0,100.0,90.2,49.8,3.9,1.5,4.4,2.4,2.0,79.9,30.5,0.5,2.0,83.7,16.7,4.9,30.0,9.4,67.5,97.0,89.7,7.8,1.5,0.0,6.3,10.8,100.0,8.3,1.5,0.5,100.0,5.4,24.6,45.1,56.4,63.4,36.5,48.5,44.6,39.7,0.5,40.9,99.5,3.0,2.9,85.8,2.0,2.9,6.9,8.8,89.3,2.5,100.0,40.6,8.3,31.5,2.9,90.2,99.5,40.7,0.5,1.5,2.0,0.5,3.4,45.8,38.4,8.4,2.0,4.9,96.6,3.4,10.8,9.3,59.8,21.7,12.3,2.5,100.0,99.0,20.7,98.0,84.4,31.9,11.8,0.5,1.9,0.5,1.0,96.1,36.5,0.0,0.0,0.0,1.5,0.0,100.0,201.5,0.5,188.2,1.4
2024-12-28_21:01:38,37.0,39.0,51.0,41.0,41.0,50.0,40.0,41.0,53.0,40.0,45.0,52.0,43.0,53.5,50.8,53.0,50.8,54.2,53.5,47.2,51.0,53.0,53.8,50.0,52.5,53.5,54.0,51.8,52.5,53.2,52.5,2.5,2.9,2.5,3.1,1.5,3.1,3.1,3.1,3.1,3.1,2.5,2.5,3.1,1.9,3.1,3.1,2.5,3.1,3.1,3.1,1.5,1.5,1.5,3.1,1.5,1.5,2.5,3.1,3.1,1.5,3.1,1.5,3.1,3.1,2.5,2.9,1.9,1.5,1.5,1.5,1.5,3.1,3.1,3.1,1.5,3.1,2.5,1.5,2.5,2.5,3.1,3.1,3.1,3.1,3.1,1.5,1.5,3.1,3.1,3.1,3.1,1.5,1.5,3.1,3.1,3.1,3.1,3.1,2.9,3.1,1.9,3.1,2.5,2.5,3.1,2.6,3.1,3.1,3.1,3.1,1.5,1.5,2.5,2.5,3.1,3.1,3.1,3.1,3.1,3.1,3.1,3.1,3.1,1.5,1.5,1.5,1.5,3.1,3.1,3.1,1.5,1.5,2.5,1.5,1.5,3.1,2.5,3.1,2.5,3.1,2.5,3.1,3.1,3.1,3.1,3.1,1.5,1.5,1.5,1.9,1.9,3.1,3.1,3.1,1.5,1.5,1.5,2.5,1.5,49.6,43.2,46.0,73.3,47.5,92.6,89.2,70.9,56.4,59.6,37.3,63.7,96.6,16.2,90.6,44.3,22.3,74.9,81.4,100.0,2.5,0.0,0.0,100.0,0.0,42.0,9.3,100.0,98.0,3.9,100.0,0.0,50.7,83.8,58.6,64.9,29.1,0.5,0.0,0.5,1.5,100.0,100.0,92.6,7.4,100.0,3.4,0.5,0.0,48.0,100.0,100.0,100.0,20.6,60.3,0.5,1.0,63.7,96.1,51.2,3.4,5.9,84.3,7.4,100.0,68.6,100.0,36.9,10.2,100.0,64.9,100.0,3.0,97.5,88.7,8.3,28.9,100.0,12.3,9.9,31.5,5.9,38.0,7.4,97.1,100.0,87.2,100.0,17.6,90.6,90.2,100.0,61.5,0.0,0.0,2.0,2.0,84.3,96.6,100.0,3.9,3.9,98.5,3.4,2.4,5.9,16.3,100.0,1.0,57.8,43.1,96.1,100.0,100.0,90.6,100.0,78.4,2.0,1.5,0.0,0.5,56.4,100.0,84.7,0.5,2.0,0.0,2.5,59.3,238.9,1.2,226.4,2.4
2024-12-28_21:01:40,37.0,38.0,51.0,41.0,41.0,50.0,39.0,41.0,52.0,41.0,45.0,52.0,43.0,54.6,52.8,51.5,51.5,57.0,53.2,52.2,52.5,53.2,54.2,51.8,53.0,54.5,54.5,51.8,53.5,53.2,52.5,2.5,2.5,1.5,2.5,3.1,2.5,2.5,3.1,2.5,3.1,3.1,3.1,3.1,3.1,2.5,1.5,1.5,1.5,3.1,1.5,3.1,1.5,3.1,3.1,3.1,3.1,1.5,3.1,3.1,1.5,1.5,1.5,3.1,3.1,3.1,1.5,2.5,3.1,1.5,3.1,1.5,2.5,1.5,3.1,2.5,3.1,3.1,3.1,2.5,1.5,2.5,1.5,3.1,3.1,3.1,3.1,1.5,3.1,3.1,3.1,3.1,1.5,1.5,3.1,1.5,2.5,3.1,3.1,3.1,3.1,1.5,1.5,1.5,1.5,3.1,2.5,3.1,3.1,3.1,1.5,1.5,3.1,1.5,2.5,1.5,1.5,3.1,3.1,3.1,3.1,3.1,3.1,3.1,1.9,2.5,3.1,1.5,1.5,3.1,3.1,3.1,3.1,1.5,1.5,1.5,3.1,1.5,1.5,3.1,3.1,2.5,3.1,1.5,3.1,3.1,3.1,3.1,1.5,1.5,1.5,1.5,1.5,3.1,3.1,3.1,1.5,1.5,1.5,3.1,49.9,44.5,40.7,44.6,76.2,51.7,59.5,93.1,66.7,83.3,96.6,92.1,9.4,2.5,98.0,25.5,0.0,86.8,100.0,41.8,63.1,19.5,18.3,92.6,21.2,14.3,34.0,93.1,100.0,0.5,49.0,0.5,100.0,42.4,99.0,5.9,3.9,22.5,4.4,65.7,1.0,42.9,73.5,100.0,6.4,89.8,52.0,52.9,1.0,1.0,49.5,35.8,91.6,100.0,100.0,48.8,3.9,17.6,100.0,100.0,4.0,1.0,0.5,100.0,78.8,41.9,80.3,100.0,88.1,77.8,6.8,53.5,3.4,32.5,100.0,2.9,100.0,88.7,100.0,3.5,3.0,15.8,0.5,1.5,12.3,59.8,100.0,93.6,100.0,65.7,100.0,90.2,100.0,5.4,2.0,3.9,1.5,88.7,100.0,76.4,82.4,8.9,0.0,3.4,1.0,20.0,20.1,47.5,71.7,100.0,1.0,100.0,81.8,87.7,100.0,73.0,96.1,1.0,0.5,0.5,0.5,58.6,81.3,100.0,91.6,1.0,2.0,0.5,42.6,238.7,1.3,226.4,1.5
2024-12-28_21:01:42,37.0,39.0,51.0,41.0,41.0,50.0,40.0,41.0,53.0,41.0,45.0,52.0,43.0,55.8,54.0,53.5,52.0,55.8,55.0,53.2,52.5,54.5,54.4,50.8,52.8,53.0,54.5,51.8,53.0,53.8,55.2,2.5,3.1,2.5,3.1,2.5,3.1,3.1,1.5,3.1,3.1,3.1,3.1,2.5,1.9,3.1,1.5,1.5,1.5,2.5,1.5,3.1,2.5,3.1,3.1,3.1,3.1,2.5,3.1,1.5,3.1,1.5,2.5,1.9,2.5,2.5,3.1,2.5,3.1,2.5,3.1,2.5,3.1,1.5,1.5,1.5,3.1,3.1,3.1,1.5,1.5,3.1,1.5,3.1,1.5,1.5,3.1,3.1,3.1,3.1,1.5,3.1,3.1,2.5,1.5,2.5,1.9,1.5,2.5,3.1,3.1,1.9,3.1,3.1,3.1,1.5,1.5,2.5,3.1,3.1,3.1,2.5,3.1,3.1,3.1,3.1,1.5,1.5,3.1,1.9,1.5,1.5,2.5,1.5,3.1,3.1,3.1,3.1,3.1,3.1,3.1,1.5,1.5,2.5,2.5,1.9,3.1,3.1,3.1,3.1,1.5,1.5,1.5,1.5,3.1,1.5,3.1,1.5,3.1,1.5,1.9,1.9,3.1,3.1,1.5,2.5,2.5,2.5,1.5,3.1,50.0,45.7,35.5,45.4,87.3,39.9,26.2,54.9,32.5,58.3,78.5,80.4,6.9,55.7,84.9,22.2,3.0,0.0,32.4,1.5,100.0,12.7,100.0,100.0,100.0,100.0,7.4,100.0,4.4,92.6,0.0,2.9,50.7,38.7,98.5,88.7,1.5,100.0,1.0,100.0,2.5,64.2,0.0,13.2,2.0,100.0,100.0,100.0,0.5,14.3,16.7,2.5,100.0,74.4,33.8,100.0,55.9,72.9,89.7,36.0,62.6,48.3,4.0,86.7,1.5,24.8,52.0,73.9,100.0,100.0,8.3,49.0,31.0,19.0,84.3,5.4,73.7,100.0,97.1,13.3,13.3,98.0,72.9,15.2,14.1,1.5,13.2,100.0,91.7,29.6,32.8,55.1,21.2,73.4,69.3,100.0,68.6,51.5,31.2,99.5,95.1,28.9,40.2,26.6,2.0,100.0,46.1,6.4,100.0,44.1,0.5,84.3,0.0,20.7,57.8,100.0,92.7,97.5,1.5,2.5,1.5,65.7,99.5,20.5,97.5,0.5,3.4,2.0,100.0,238.7,1.2,229.2,0.8
2024-12-28_21:01:44,37.0,39.0,51.0,42.0,42.0,50.0,40.0,42.0,52.0,41.0,46.0,52.0,43.0,55.5,53.8,54.5,51.2,54.8,54.2,52.2,50.5,54.0,55.4,51.0,52.2,54.2,54.8,53.0,55.8,54.5,52.8,2.5,2.5,3.1,3.1,3.1,3.1,1.5,2.5,3.1,2.5,2.5,3.1,2.5,1.5,3.1,3.1,1.5,3.1,3.1,1.9,3.1,3.1,2.5,1.5,1.9,1.5,3.1,1.5,3.1,3.1,3.1,1.5,1.5,3.1,1.5,3.1,2.5,1.5,3.1,2.5,1.5,3.1,3.1,1.5,2.5,2.5,3.1,1.5,1.5,3.1,3.1,1.5,1.5,1.5,3.1,1.5,3.1,3.1,3.1,3.1,3.1,3.1,1.9,3.1,2.5,3.1,1.5,2.5,3.1,2.5,1.5,3.1,3.1,3.1,3.1,1.9,3.1,2.5,3.1,1.5,1.5,1.5,3.1,3.1,3.1,1.9,2.5,3.1,2.5,1.5,1.5,3.1,1.5,3.1,3.1,1.5,3.1,3.1,2.5,2.5,3.1,3.0,3.1,3.1,3.1,2.5,1.5,3.1,3.1,1.5,3.1,1.5,1.5,3.1,3.1,2.5,2.5,3.1,3.1,1.5,2.5,3.1,3.1,1.5,1.5,3.0,2.5,1.5,2.5,48.8,63.9,77.3,47.2,47.8,62.6,91.7,52.5,57.8,65.5,64.7,64.9,59.3,2.4,100.0,68.5,0.5,13.7,3.9,2.5,86.8,51.2,79.5,66.8,83.3,72.5,86.8,55.1,40.9,100.0,47.8,3.0,0.5,70.6,0.0,100.0,3.9,76.4,13.7,10.7,2.0,100.0,30.7,2.5,1.5,15.7,93.1,40.2,29.4,77.7,24.5,2.0,13.8,2.0,89.8,51.0,99.0,20.6,99.5,75.0,99.5,99.5,4.9,9.3,2.9,37.6,2.0,1.0,90.7,61.1,6.8,99.5,99.5,75.1,44.6,2.9,86.8,18.6,100.0,4.4,18.0,62.6,88.7,100.0,100.0,2.5,1.0,90.1,1.0,4.4,3.9,38.7,0.0,100.0,100.0,92.6,100.0,11.7,28.2,28.4,98.0,25.5,80.4,96.1,94.6,72.2,56.4,100.0,83.7,12.3,35.0,14.3,6.9,78.9,72.5,27.1,7.9,100.0,59.3,2.0,10.7,100.0,87.6,60.8,18.6,1.5,1.5,0.5,57.8,233.6,2.1,228.1,1.3
2024-12-28_21:01:46,37.0,38.0,51.0,41.0,41.0,50.0,40.0,41.0,52.0,41.0,46.0,52.0,43.0,55.5,56.0,53.0,51.8,55.2,54.8,53.0,52.2,53.8,55.8,51.8,53.8,55.0,56.0,53.0,54.2,55.2,55.0,2.5,2.5,1.5,3.1,2.5,3.1,3.1,2.5,2.5,3.1,3.1,1.5,3.1,2.5,1.5,3.1,1.5,1.5,3.1,3.1,2.5,3.1,2.5,3.1,1.5,3.1,3.1,1.5,3.1,1.9,3.1,3.1,1.5,3.1,3.1,3.1,3.1,1.5,1.5,1.5,3.1,3.1,3.1,3.1,1.5,1.5,3.1,1.5,1.5,1.5,1.5,3.1,3.1,1.5,1.5,3.1,3.1,1.5,2.5,3.1,3.1,3.1,1.5,3.1,1.5,3.1,3.1,2.5,3.1,3.1,1.9,2.5,2.5,3.1,3.1,2.5,3.1,2.5,3.1,3.1,1.5,3.1,2.5,3.1,2.9,3.1,2.5,3.1,3.1,3.1,3.1,3.1,1.5,1.5,3.1,1.5,1.5,1.5,1.5,2.5,2.5,2.5,3.1,1.5,2.5,3.1,3.0,2.5,3.1,1.5,3.1,1.5,1.5,2.5,3.1,3.1,3.1,2.5,3.1,1.9,2.5,1.5,1.5,2.5,3.1,3.1,1.9,1.5,3.1,50.1,23.9,36.5,81.9,76.0,51.0,96.6,0.5,57.4,87.9,92.6,56.2,30.7,0.5,10.8,100.0,0.5,33.3,100.0,66.7,23.0,100.0,0.0,66.0,0.0,26.1,96.5,0.0,100.0,7.8,100.0,81.4,0.0,77.6,49.5,85.7,2.9,1.5,52.9,41.5,52.5,90.7,100.0,36.8,1.0,1.0,100.0,0.0,0.0,32.2,85.3,74.5,59.1,13.7,39.9,61.8,100.0,30.4,36.6,100.0,70.0,97.0,6.9,100.0,28.9,100.0,17.2,4.4,100.0,25.0,2.5,49.3,73.0,100.0,100.0,5.4,100.0,4.4,91.7,48.0,4.9,4.4,91.2,97.1,93.6,17.1,9.3,99.5,9.4,84.4,34.5,100.0,2.5,17.3,96.6,1.5,34.1,2.0,24.3,27.9,95.6,1.5,99.5,94.6,99.0,75.0,3.9,85.2,100.0,1.5,100.0,1.0,2.0,50.0,100.0,71.6,32.2,4.9,100.0,3.4,1.5,23.5,18.5,44.8,96.5,91.1,15.2,5.9,87.7,239.8,0.5,227.9,3.7
2024-12-28_21:01:48,37.0,38.0,51.0,42.0,42.0,50.0,40.0,41.0,52.0,41.0,46.0,52.0,43.0,55.8,54.5,53.5,53.0,56.8,54.2,53.5,52.8,55.2,55.6,53.0,54.2,55.2,55.8,51.5,55.8,55.2,54.8,2.5,3.1,2.5,3.1,3.1,2.5,3.1,3.1,2.5,2.5,3.1,3.1,3.1,2.5,3.1,3.1,1.5,3.1,1.5,3.1,1.5,3.1,1.5,1.9,1.5,3.1,3.1,1.5,1.5,2.5,1.5,3.1,3.1,3.1,3.1,3.1,3.1,2.8,3.1,3.1,3.1,1.5,3.1,3.1,2.5,3.1,2.5,1.5,1.5,1.5,1.5,3.1,3.1,3.1,1.5,3.1,1.5,1.5,1.5,3.1,3.1,3.1,1.5,1.5,1.5,2.9,1.9,3.1,3.1,3.0,3.1,3.1,3.1,3.1,3.1,3.1,1.5,1.9,1.5,3.1,1.9,3.1,2.5,1.9,3.1,3.1,1.9,3.1,3.1,2.5,3.1,1.5,1.5,1.5,3.1,2.5,1.5,3.1,1.5,3.1,1.5,3.1,1.5,1.5,1.5,2.5,1.5,2.9,2.5,3.1,1.5,3.1,3.1,3.1,3.1,3.1,3.1,1.5,1.9,1.5,1.5,1.5,1.5,3.0,3.1,3.1,1.5,3.1,3.1,49.0,36.1,55.4,72.1,50.5,51.5,90.2,71.4,9.9,82.8,90.6,38.9,98.5,56.1,24.1,40.4,11.3,18.6,87.7,100.0,0.0,89.3,1.0,73.4,0.5,33.2,100.0,1.0,56.7,5.9,48.3,100.0,40.0,100.0,100.0,100.0,9.8,7.9,5.9,6.9,84.3,67.5,90.6,99.5,2.9,37.7,57.8,0.5,1.5,15.7,17.2,100.0,100.0,57.4,0.5,99.5,3.0,4.5,0.5,82.4,99.5,100.0,2.0,86.8,1.0,67.3,70.2,81.0,74.3,79.3,47.3,38.9,1.5,77.8,77.0,79.4,8.4,2.5,0.5,100.0,4.4,26.1,1.5,63.2,98.0,100.0,2.5,90.6,100.0,97.1,99.5,47.5,0.5,1.0,100.0,0.0,1.0,90.2,57.9,40.2,3.4,92.6,16.7,1.0,11.3,40.1,79.8,31.9,22.8,62.3,65.0,31.0,27.9,35.6,59.5,100.0,100.0,0.0,37.3,0.5,3.9,27.1,4.9,52.2,100.0,99.5,0.5,67.6,100.0,237.3,1.0,225.7,2.4
2024-12-28_21:01:50,37.0,39.0,51.0,41.0,41.0,50.0,39.0,42.0,52.0,41.0,46.0,52.0,43.0,55.9,54.8,56.0,52.8,54.5,56.8,54.0,54.5,55.0,55.9,52.8,54.0,56.0,54.5,53.0,55.5,54.8,56.5,2.5,2.5,3.1,3.1,1.9,2.5,3.1,1.5,3.1,2.5,3.1,3.1,2.5,1.9,3.1,2.5,1.5,3.1,3.1,3.1,1.5,3.1,2.5,1.5,1.5,1.5,1.5,1.5,3.1,1.9,3.1,3.1,3.1,3.1,2.5,2.5,3.1,3.1,1.5,3.1,3.1,1.5,3.1,1.9,3.1,3.1,3.1,1.5,3.1,3.1,3.1,1.5,2.5,3.1,1.5,3.1,1.5,1.5,3.1,3.1,3.1,2.5,1.5,1.5,3.1,1.5,2.5,3.1,3.1,2.5,3.1,3.1,1.5,3.1,3.1,3.1,1.9,1.5,2.5,3.1,1.9,3.1,2.5,1.5,1.5,1.9,1.9,3.1,2.5,3.1,3.1,3.1,2.5,2.5,3.1,1.5,1.5,1.5,3.1,3.1,3.1,3.1,1.5,1.5,1.5,2.7,3.0,3.1,3.1,3.1,2.5,3.1,3.1,3.1,3.1,3.1,2.5,3.1,2.5,3.1,2.5,3.1,1.5,2.5,3.1,1.5,2.5,3.1,3.1,50.3,22.8,65.4,87.7,14.2,74.0,100.0,69.1,49.0,1.0,66.8,100.0,97.1,0.0,97.6,68.8,1.0,87.7,67.0,93.6,0.5,100.0,1.0,0.0,0.0,27.6,62.3,13.8,87.8,8.4,72.2,85.9,100.0,30.5,51.2,29.9,6.4,70.6,6.4,100.0,98.0,10.3,100.0,62.9,62.4,100.0,30.5,2.5,11.3,68.5,49.8,27.6,39.9,100.0,2.9,96.1,0.5,67.6,39.2,100.0,92.6,43.1,13.2,10.3,26.0,32.0,38.6,44.3,100.0,54.6,100.0,84.2,6.4,100.0,100.0,96.6,1.5,3.9,1.5,83.3,2.9,45.8,13.2,3.9,95.1,73.9,1.5,100.0,88.7,85.9,69.6,73.4,2.5,2.5,100.0,0.0,2.9,28.6,90.6,100.0,80.9,100.0,0.0,0.5,0.0,61.0,5.9,4.9,66.5,35.5,0.5,99.5,100.0,83.8,100.0,50.5,68.6,97.1,1.5,10.2,1.5,60.1,3.4,1.5,96.0,11.8,2.9,100.0,94.1,240.9,0.3,228.7,1.1
2024-12-28_21:01:52,37.0,39.0,51.0,41.0,41.0,50.0,40.0,41.0,52.0,41.0,46.0,52.0,43.0,56.2,55.5,55.5,53.8,56.8,56.0,53.0,54.5,55.2,56.1,53.0,54.8,56.2,55.8,54.8,55.5,54.8,56.0,2.4,3.1,3.0,3.1,2.5,3.1,3.1,1.5,3.1,3.1,3.1,2.5,3.1,2.5,1.5,1.5,2.5,3.1,3.1,3.1,1.5,3.1,1.5,1.9,1.5,1.5,1.5,1.5,3.1,1.5,3.1,3.1,3.1,1.5,1.5,1.5,3.1,3.1,3.1,1.5,3.0,3.1,1.5,1.5,3.1,1.5,3.1,1.5,3.1,3.1,3.1,3.1,1.5,1.5,1.5,3.1,1.5,2.5,2.5,2.5,2.5,3.1,3.1,3.1,3.1,2.5,2.5,2.5,2.5,2.5,3.1,3.1,3.1,3.1,1.5,3.1,3.1,1.9,1.5,3.1,2.5,3.1,3.1,3.1,3.1,1.5,2.5,3.1,1.5,3.1,3.1,3.1,1.5,1.5,3.1,1.5,1.5,3.1,3.1,3.1,3.1,1.5,1.5,1.5,1.5,3.1,1.5,2.5,3.1,3.1,1.5,2.5,3.1,1.5,1.9,3.1,1.5,3.1,3.1,3.1,1.5,3.1,1.5,2.5,3.1,1.5,1.5,3.1,3.1,49.4,54.5,59.5,87.3,42.4,69.3,78.9,61.1,49.5,60.8,99.0,34.3,74.4,2.5,75.5,0.0,1.0,83.8,58.8,100.0,1.5,89.2,1.5,0.5,0.5,1.5,0.0,0.5,100.0,0.0,100.0,100.0,85.3,50.5,2.0,0.0,7.3,100.0,57.8,87.8,93.6,33.2,41.0,1.0,100.0,56.2,99.5,0.5,99.5,87.3,100.0,40.4,0.0,17.6,0.0,100.0,0.0,2.5,67.2,27.9,95.6,66.7,7.9,59.8,100.0,16.1,14.1,88.7,71.1,2.5,90.1,100.0,76.5,83.9,77.0,100.0,23.0,2.9,1.5,100.0,3.4,100.0,90.7,59.3,9.8,0.0,1.0,86.3,0.0,100.0,100.0,95.6,1.5,0.5,100.0,0.0,0.5,81.5,100.0,68.5,100.0,2.0,1.5,0.5,0.5,24.6,1.5,44.1,40.4,99.0,4.0,76.0,96.1,25.1,20.2,100.0,14.3,100.0,74.4,100.0,4.9,99.5,0.0,0.0,100.0,0.0,1.5,71.7,100.0,238.7,1.7,227.6,0.4
2024-12-28_21:01:54,37.0,39.0,51.0,42.0,42.0,50.0,40.0,41.0,52.0,41.0,46.0,52.0,43.0,56.2,55.5,54.8,53.2,55.2,55.5,55.8,53.8,56.0,56.2,54.0,55.0,55.2,55.2,53.5,54.8,55.2,54.5,2.5,2.5,3.1,2.5,1.5,3.1,2.5,3.1,3.1,1.5,3.1,3.1,3.1,1.9,1.5,1.5,2.5,3.1,3.1,2.5,1.5,3.1,3.1,1.5,1.5,3.1,3.1,3.1,2.5,1.9,1.5,2.5,3.1,1.5,2.5,3.1,3.1,3.1,3.1,1.5,3.1,3.1,3.1,3.1,3.1,1.5,1.5,2.5,2.5,3.1,2.5,3.1,3.1,1.5,3.1,1.5,1.5,3.1,3.1,2.5,3.1,3.1,1.9,1.5,1.5,1.5,1.5,1.9,3.1,1.5,3.1,3.1,3.1,1.5,1.5,3.1,3.1,3.1,1.5,2.5,3.1,3.1,3.1,3.1,3.1,1.5,2.5,2.5,2.5,1.5,3.1,2.5,3.1,3.1,1.5,1.5,1.9,2.5,1.5,3.1,1.5,1.5,1.5,3.1,3.1,2.5,2.5,3.0,3.1,3.1,3.1,3.1,3.1,3.1,3.1,2.5,2.5,3.1,3.1,1.9,1.9,1.9,3.1,1.5,2.5,3.1,1.5,3.1,3.1,50.0,44.4,44.9,38.2,38.0,82.9,50.5,85.7,100.0,76.8,72.3,66.5,100.0,0.5,0.0,0.0,0.5,100.0,99.5,62.9,0.5,99.5,76.0,0.0,0.0,60.6,60.8,46.0,16.3,1.5,41.4,29.4,100.0,55.9,44.8,16.8,5.4,92.1,100.0,1.0,97.6,100.0,55.2,44.8,61.1,0.0,62.7,2.9,96.1,72.8,38.7,99.5,46.6,5.9,49.0,33.5,1.5,56.9,100.0,1.0,38.5,100.0,8.9,56.7,63.7,39.9,15.9,40.7,90.7,66.2,100.0,91.6,40.1,66.8,2.5,96.0,99.5,27.6,2.5,84.2,11.3,83.8,100.0,100.0,100.0,0.5,2.0,19.2,1.0,68.0,83.9,99.0,23.3,10.7,35.0,0.5,2.0,48.5,72.9,100.0,16.3,3.9,5.4,55.7,40.5,42.9,3.5,3.4,100.0,100.0,4.9,41.9,100.0,67.6,61.3,71.9,8.9,20.2,99.5,87.7,4.9,30.5,77.0,8.9,12.8,79.8,15.8,100.0,97.1,239.0,1.3,228.8,1.2
2024-12-28_21:01:56,38.0,39.0,51.0,41.0,41.0,50.0,40.0,42.0,52.0,41.0,46.0,52.0,43.0,56.1,54.0,56.0,51.8,55.5,55.8,54.5,54.0,56.2,56.2,53.8,54.0,57.2,55.5,53.5,54.8,55.2,55.0,2.4,3.1,2.5,2.5,3.1,3.1,3.1,3.1,2.5,1.5,2.5,1.5,3.1,2.5,1.9,1.5,1.9,3.1,3.1,1.5,1.9,2.5,3.1,3.1,1.5,2.5,3.1,3.1,3.1,1.5,1.5,2.5,3.1,3.1,1.5,3.1,3.1,3.1,2.5,1.5,2.5,2.5,3.1,3.1,3.1,3.1,2.5,1.5,1.5,3.1,3.1,1.5,3.1,3.1,3.1,1.5,1.5,3.1,1.5,2.5,3.1,1.5,2.5,2.5,2.5,3.0,2.5,3.1,3.1,1.5,1.5,3.1,3.1,1.9,1.5,3.1,1.9,3.1,1.5,3.1,3.1,3.1,3.1,3.1,1.5,1.5,1.5,1.5,3.1,1.5,3.1,3.1,3.1,1.5,3.1,1.5,1.5,3.1,3.1,1.5,1.5,1.5,1.5,3.1,2.5,3.1,3.1,1.5,1.5,1.5,3.1,3.1,1.5,3.1,3.1,1.5,1.5,3.1,1.5,1.5,3.1,2.5,3.1,3.1,1.9,3.1,1.9,1.5,3.1,50.0,49.3,48.0,82.3,95.6,52.9,97.1,74.0,45.3,61.8,66.5,77.9,95.1,35.8,0.5,0.5,1.0,66.0,69.6,0.5,5.4,54.7,100.0,52.7,0.5,73.2,99.5,93.7,32.0,0.5,0.5,0.0,96.6,44.6,2.0,100.0,6.8,100.0,42.9,1.0,96.0,62.7,99.5,100.0,100.0,32.5,2.0,0.0,0.0,99.0,13.4,36.0,100.0,57.6,99.5,1.5,0.0,73.4,85.9,73.9,100.0,27.0,3.4,4.4,2.5,26.8,9.4,61.8,100.0,3.0,61.5,100.0,100.0,1.0,0.0,100.0,77.0,100.0,4.4,22.2,100.0,96.1,84.3,94.6,36.0,2.4,8.8,3.9,52.0,10.8,100.0,98.5,100.0,14.4,91.7,4.4,2.5,68.0,35.6,79.9,0.0,0.5,1.0,100.0,49.8,100.0,30.4,0.5,87.7,0.0,26.8,100.0,71.2,90.6,100.0,1.0,0.5,100.0,24.1,2.5,72.5,22.5,100.0,9.4,1.0,100.0,6.3,53.7,100.0,238.5,1.4,229.7,0.8
2024-12-28_21:01:58,37.0,38.0,51.0,42.0,42.0,50.0,40.0,41.0,52.0,41.0,46.0,52.0,43.0,56.5,56.2,54.2,53.5,56.2,55.2,55.2,53.2,56.5,56.1,54.0,55.5,55.8,55.5,53.0,55.8,55.2,54.8,2.5,1.5,3.1,2.5,3.1,1.5,1.5,2.5,3.1,3.1,3.1,3.1,2.5,1.9,3.1,1.5,1.9,3.1,3.1,3.1,1.5,1.9,2.5,3.1,1.5,2.5,2.5,2.5,3.1,3.1,2.5,2.5,3.1,3.1,3.1,1.5,3.1,2.5,1.5,2.5,3.1,3.1,3.1,2.5,2.5,3.1,1.5,1.5,3.1,3.1,3.1,3.1,2.5,3.1,1.9,1.5,1.5,1.5,1.5,3.1,3.1,1.5,3.1,3.1,3.1,1.5,1.5,3.1,3.1,3.1,1.5,2.5,3.1,3.1,2.5,1.9,2.5,2.5,3.1,3.1,3.1,2.5,2.5,3.1,1.5,1.5,1.5,3.1,3.1,2.5,1.5,2.5,3.1,1.5,3.1,1.5,1.9,3.1,3.1,3.1,3.1,2.5,1.5,1.5,1.5,1.5,3.1,3.1,1.5,1.5,3.1,3.1,1.5,3.1,3.1,2.5,1.5,2.5,1.5,1.5,3.1,3.1,3.1,3.1,3.1,1.5,3.0,3.1,3.1,48.2,19.2,52.5,87.3,91.2,38.2,39.9,78.9,65.0,96.0,47.5,58.3,47.8,1.0,93.1,0.5,0.0,66.7,65.2,36.8,1.0,0.0,24.9,100.0,1.0,20.7,52.2,94.1,100.0,37.7,1.5,9.4,100.0,100.0,39.4,81.0,20.2,51.7,0.5,1.5,89.2,53.7,25.6,41.0,64.2,100.0,7.8,3.4,95.1,61.1,100.0,51.2,49.8,100.0,48.5,1.5,1.0,46.3,46.3,88.2,97.1,2.0,54.9,25.6,60.8,27.2,14.6,100.0,89.2,36.1,4.9,64.2,86.1,46.8,22.5,50.5,18.7,74.9,29.1,100.0,94.1,58.6,97.5,100.0,0.5,6.9,3.9,86.2,96.6,45.6,7.4,95.1,88.7,2.4,100.0,1.5,1.0,99.5,78.8,63.7,41.9,0.5,1.0,45.9,0.5,90.2,100.0,13.2,1.5,1.0,100.0,83.7,0.5,100.0,90.2,2.0,1.0,85.1,0.0,0.5,100.0,73.4,62.7,100.0,24.1,20.5,2.0,2.9,2.0,236.0,0.5,223.9,0.8
2024-12-28_21:02:00,37.0,39.0,51.0,41.0,42.0,50.0,40.0,42.0,52.0,41.0,46.0,52.0,43.0,56.8,56.2,56.5,53.0,57.0,56.5,54.8,53.2,55.0,57.0,54.8,56.0,56.8,57.2,55.0,57.5,57.8,55.2,2.5,1.5,1.5,1.5,3.1,3.1,3.1,1.5,3.1,2.5,3.1,3.1,1.9,3.1,2.5,2.5,2.5,3.1,3.1,3.1,1.5,2.5,1.5,3.1,1.5,3.1,3.1,3.1,3.1,3.1,1.9,1.5,1.5,3.1,3.1,1.5,3.1,1.5,2.5,1.5,3.1,3.1,3.1,3.1,2.5,1.5,1.5,1.9,3.1,3.1,3.1,3.1,3.1,1.5,1.9,1.5,1.5,1.5,1.5,1.9,3.1,1.5,3.1,3.1,3.1,2.5,2.5,1.5,3.1,3.1,1.5,3.1,3.1,1.9,3.1,3.1,3.1,1.5,3.1,1.5,1.5,1.5,3.1,3.1,3.1,1.5,1.5,3.1,3.1,3.1,1.5,3.1,3.1,1.5,3.1,1.5,1.5,3.1,3.1,3.1,1.5,3.1,1.5,1.5,1.5,1.5,1.5,3.1,1.5,3.1,3.1,3.1,2.5,3.1,3.1,3.1,2.5,1.5,1.5,1.5,3.1,2.5,3.1,1.5,3.1,1.5,2.5,3.1,3.1,49.6,46.6,92.1,68.5,67.0,35.3,70.0,16.3,93.7,93.7,85.2,31.0,1.0,2.9,98.5,2.0,2.9,100.0,100.0,100.0,2.5,3.0,0.0,93.6,3.9,75.9,29.8,35.1,73.7,100.0,0.5,0.5,53.7,90.6,100.0,1.5,100.0,1.0,2.5,0.5,100.0,40.7,100.0,66.0,1.0,63.7,0.5,0.5,100.0,80.4,81.4,100.0,41.2,38.0,0.0,2.0,0.5,12.7,0.0,6.9,100.0,0.0,100.0,100.0,100.0,38.2,12.7,60.0,100.0,100.0,3.4,42.0,100.0,10.8,98.0,59.5,99.5,2.0,100.0,77.0,1.5,30.5,33.8,64.4,86.7,2.0,3.0,100.0,100.0,89.8,8.7,56.7,99.5,1.5,82.2,16.7,2.9,42.2,100.0,100.0,50.7,96.1,6.8,2.0,1.0,4.9,64.5,100.0,2.9,16.2,96.6,100.0,13.2,83.9,100.0,71.9,1.5,1.0,0.0,0.0,90.2,67.2,100.0,88.7,100.0,0.0,4.4,44.6,2.4,236.3,1.4,230.9,1.1
2024-12-28_21:02:02,37.0,38.0,51.0,41.0,41.0,50.0,40.0,42.0,52.0,41.0,46.0,52.0,43.0,57.5,54.8,55.0,54.0,57.5,56.2,53.0,54.8,55.5,57.2,53.0,56.0,55.5,57.5,55.2,55.5,56.0,56.8,2.5,1.5,2.5,3.1,3.1,3.1,3.1,1.5,2.5,3.1,3.1,3.1,1.5,3.1,2.5,1.5,1.5,3.1,1.5,1.9,1.5,3.1,1.5,3.1,1.9,3.1,3.1,3.1,2.5,1.5,3.1,1.5,1.5,3.1,3.1,1.5,1.5,3.1,1.5,1.5,2.5,3.1,3.1,3.1,3.1,1.5,1.5,2.5,3.1,2.5,3.1,1.9,3.1,1.5,3.1,1.5,3.1,3.1,1.5,1.5,2.5,3.1,3.1,1.5,3.1,1.5,1.5,3.1,3.1,3.1,3.1,3.1,1.5,2.5,1.5,3.1,2.5,3.1,1.5,3.1,3.1,3.1,3.1,3.1,3.1,1.5,2.5,1.9,1.5,1.5,1.5,3.1,3.1,3.1,3.1,1.5,3.1,3.1,3.1,3.1,1.9,1.5,3.1,2.5,1.5,3.1,2.5,1.5,3.1,3.1,3.1,2.5,2.5,3.1,1.5,3.1,2.5,3.1,2.5,1.5,3.1,3.1,2.5,1.5,1.5,1.5,1.5,3.1,3.1,50.5,38.4,77.6,97.5,91.2,57.6,69.4,11.2,29.1,82.4,100.0,100.0,34.3,30.7,25.5,0.0,1.0,83.7,35.8,37.3,60.4,90.2,1.5,100.0,4.4,77.8,100.0,99.5,95.6,52.0,7.8,2.5,0.0,55.7,52.5,10.3,76.5,77.3,4.5,7.8,15.2,100.0,84.2,99.5,80.4,0.5,0.5,2.5,20.6,71.1,100.0,42.9,100.0,0.0,50.7,2.0,36.8,36.0,34.8,3.0,42.9,31.9,64.0,71.6,87.7,37.9,37.1,34.0,94.1,78.2,75.5,100.0,25.0,1.5,93.6,100.0,95.6,8.3,88.2,17.2,4.4,56.2,100.0,87.7,100.0,55.1,2.0,19.0,3.0,54.5,1.0,100.0,82.4,50.7,100.0,4.9,69.5,69.8,96.1,37.9,26.1,95.1,46.3,9.8,7.8,3.4,0.5,88.2,16.1,99.5,100.0,75.9,3.4,100.0,62.6,100.0,5.4,9.3,0.5,0.5,100.0,12.3,83.4,3.4,73.5,1.0,6.8,100.0,95.6,234.0,1.0,230.0,1.4
2024-12-28_21:02:05,37.0,39.0,51.0,42.0,42.0,50.0,40.0,41.0,52.0,41.0,46.0,52.0,43.0,58.4,56.5,56.2,52.2,57.5,56.2,53.8,55.8,53.0,57.0,53.5,56.2,54.0,55.0,53.0,56.8,57.8,55.2,2.4,3.1,3.1,3.1,3.1,3.1,2.5,1.5,3.1,3.1,1.5,2.5,1.5,3.1,1.5,1.5,1.5,1.5,2.5,3.1,1.5,3.1,3.1,2.5,2.5,1.5,1.5,3.1,1.5,3.1,1.5,1.5,1.5,2.5,3.1,2.5,3.1,2.7,3.1,3.1,2.5,3.1,1.5,3.1,3.1,1.5,3.1,1.5,1.5,3.1,2.5,3.1,3.1,1.5,1.5,1.5,2.5,1.5,3.1,1.5,3.1,3.1,2.5,3.1,1.5,1.9,3.1,1.5,3.1,2.5,3.1,3.1,1.5,3.1,3.1,1.9,1.5,1.5,1.5,1.5,1.5,2.5,3.0,3.1,1.5,2.8,1.5,1.5,1.5,2.5,2.5,3.1,3.1,1.5,1.5,2.5,3.1,3.1,1.5,3.1,2.5,1.5,2.5,2.5,3.1,2.5,1.5,2.5,2.5,3.1,3.1,3.1,3.1,2.5,1.5,3.1,2.5,2.5,1.5,1.9,2.5,3.1,3.1,3.1,2.5,3.1,1.5,3.1,3.1,47.7,53.2,80.8,78.9,52.0,35.8,84.8,38.9,58.8,64.5,56.6,46.1,65.2,63.4,15.2,2.9,0.5,90.6,73.4,91.2,0.0,100.0,38.9,51.0,2.5,73.0,85.3,83.7,1.0,12.8,55.7,0.5,0.5,75.0,20.1,6.9,52.5,78.8,33.2,61.0,4.9,68.6,85.8,72.1,100.0,0.0,11.3,12.7,46.3,46.3,83.9,30.5,85.7,1.5,11.8,9.3,25.5,41.2,88.2,1.5,67.2,83.8,26.3,54.7,66.7,20.0,29.4,86.1,100.0,46.3,100.0,83.4,27.1,33.3,77.3,38.7,1.0,10.7,66.2,28.1,66.7,13.7,45.4,100.0,11.3,14.2,68.6,68.0,12.3,33.8,54.2,90.7,9.8,16.3,17.6,14.7,100.0,28.7,48.0,89.8,78.4,3.4,29.9,71.4,74.4,81.5,73.5,28.8,50.0,91.2,93.1,35.8,48.5,62.6,62.7,33.2,27.5,60.9,9.4,8.4,36.6,79.8,39.9,3.9,4.9,16.1,67.0,68.6,100.0,218.8,1.2,208.5,0.5
2024-12-28_21:02:07,37.0,39.0,51.0,42.0,42.0,50.0,40.0,42.0,52.0,41.0,45.0,52.0,43.0,56.4,54.5,48.5,48.8,54.0,54.8,55.2,46.8,47.8,56.8,47.0,54.5,51.2,51.0,49.2,53.5,52.2,54.8,1.8,1.5,2.5,2.5,1.5,1.5,1.5,1.5,1.5,3.1,1.5,1.5,1.5,2.5,1.5,1.5,1.5,3.1,1.5,1.5,1.5,2.5,1.5,1.5,1.5,2.5,1.5,1.5,3.1,1.5,1.5,1.5,1.5,1.5,3.1,1.5,1.5,1.5,1.5,3.1,1.5,1.5,1.5,1.5,1.5,1.5,1.5,1.5,1.5,1.5,1.5,1.5,1.5,1.5,1.5,1.5,1.5,1.5,1.5,1.5,1.5,1.5,2.5,1.5,3.1,1.9,2.5,2.5,2.5,2.5,1.5,1.5,3.1,1.5,2.5,3.1,2.5,1.5,1.5,1.5,1.5,2.5,1.5,1.5,1.5,1.5,3.1,1.5,1.5,1.5,1.5,1.5,1.5,3.1,1.5,1.5,1.5,3.1,2.5,1.5,1.5,1.5,1.5,1.5,1.5,3.1,1.5,1.5,1.5,2.5,2.5,1.5,1.5,1.5,3.1,1.5,1.5,1.5,1.5,1.5,1.5,2.5,1.5,3.1,1.5,1.5,1.5,1.5,1.5,25.0,60.2,22.4,69.3,27.6,54.9,9.8,2.9,30.4,68.1,77.8,3.9,0.0,30.4,0.0,0.0,0.0,47.1,9.8,3.0,9.8,15.2,53.2,2.9,0.0,13.3,0.0,29.8,56.9,82.8,0.0,0.0,0.0,19.6,58.3,2.9,6.9,12.3,49.3,81.3,7.4,23.6,88.3,23.2,2.9,4.9,90.8,1.0,0.0,17.6,14.8,46.3,45.6,0.5,5.4,2.0,0.5,6.9,6.9,15.3,36.3,53.2,0.0,54.9,50.7,3.4,63.4,13.2,22.4,47.3,19.7,43.6,60.8,82.8,59.0,68.6,2.9,0.0,0.0,0.0,0.0,54.4,44.6,17.2,1.5,1.5,69.1,0.0,5.4,16.3,0.0,19.7,1.0,91.7,0.0,1.0,34.1,56.1,45.8,17.2,0.0,6.9,0.5,0.0,22.9,2.0,0.0,5.8,0.0,28.4,55.4,66.2,79.3,84.2,43.1,59.8,0.0,0.0,0.0,0.0,20.6,0.0,2.0,3.0,3.9,53.5,5.4,76.6,3.4,176.1,2.1,168.1,0.1
2024-12-28_21:02:09,38.0,39.0,51.0,41.0,41.0,50.0,40.0,42.0,52.0,41.0,46.0,52.0,43.0,54.4,52.5,47.2,45.0,48.5,47.2,46.8,44.8,47.0,55.0,46.0,46.8,46.5,48.8,46.5,48.2,48.2,47.5,1.6,1.5,1.5,1.5,1.5,1.5,3.7,1.5,1.5,1.5,1.5,1.5,1.5,2.5,1.5,1.5,1.5,1.5,1.5,1.5,1.5,1.5,1.5,1.5,1.5,2.5,1.5,1.5,1.5,1.5,1.5,1.5,1.5,1.5,1.5,1.5,1.5,1.5,1.5,1.5,1.5,1.5,1.5,1.5,1.5,1.5,1.5,2.5,1.5,1.5,1.5,1.5,1.5,1.5,1.5,1.5,1.5,1.5,1.5,1.5,1.5,1.5,1.5,3.7,1.5,1.5,1.5,1.5,2.5,2.5,1.5,1.5,1.5,1.5,1.5,1.5,1.5,1.5,1.5,1.5,1.5,1.5,2.5,1.5,1.5,1.5,1.5,2.5,1.5,1.5,1.5,1.5,1.5,1.5,2.5,1.5,1.5,1.5,1.5,1.5,1.5,1.5,1.5,1.5,1.5,1.5,1.5,1.5,1.5,2.5,2.5,1.5,1.5,1.5,1.5,1.5,1.5,1.5,1.5,1.5,1.5,1.5,1.5,1.5,1.5,1.5,1.5,1.5,1.5,3.6,14.3,2.5,1.4,0.0,0.0,1.9,0.0,0.0,9.2,0.0,0.0,0.0,0.0,0.0,0.0,0.0,8.3,1.9,2.4,0.5,0.0,0.0,0.0,0.5,0.0,0.0,0.0,31.2,1.0,0.5,0.0,0.0,0.0,14.5,0.0,0.0,0.0,0.0,24.9,0.0,36.1,0.0,0.0,0.0,0.0,0.0,2.9,1.5,3.4,0.0,0.0,0.0,0.0,0.0,0.0,0.0,0.0,0.0,0.5,0.0,0.0,15.6,9.2,37.1,2.9,1.0,0.0,0.0,0.0,0.5,0.0,48.5,0.5,0.0,1.9,3.9,0.0,0.0,0.0,0.0,2.0,14.2,2.9,1.5,0.0,8.8,10.7,2.0,0.0,0.0,0.0,0.0,1.5,0.0,5.8,0.0,36.6,1.0,0.5,6.3,1.0,0.0,0.0,0.0,11.7,14.2,0.5,2.0,0.0,0.0,0.0,8.8,0.0,44.2,0.0,0.0,0.0,0.0,0.0,0.0,0.0,0.0,1.9,0.0,0.0,0.0,0.0,0.0,128.8,0.2,122.2,0.1
